02/03/2025,"+5.00","Transfer from xx8914 CommBank app","+37.66"
01/03/2025,"-15.00","Transfer to xx8914 CommBank app","+32.66"
01/03/2025,"+13.00","Fast Transfer From MR MOHAMED SHAMVEEL CREDIT TO ACCOUNT","+47.66"
01/03/2025,"+25.00","Transfer from xx8914 CommBank app","+34.66"
28/02/2025,"-194.48","APPLE.COM/BILL SYDNEY AU AUS Card xx2374 Value Date: 25/02/2025","+9.66"
27/02/2025,"-30.00","Transfer to xx8914 CommBank app","+204.14"
27/02/2025,"-19.00","Transfer To Sham CommBank App .","+234.14"
27/02/2025,"+50.00","Fast Transfer From RAKSHIT SOOD to PayID Phone Abc","+253.14"
27/02/2025,"-50.00","Transfer To R SOOD PayID Phone from CommBank App .","+203.14"
27/02/2025,"+50.00","Transfer from xx8914 CommBank app","+253.14"
27/02/2025,"-40.00","Transfer to xx8914 CommBank app","+203.14"
27/02/2025,"-30.00","WOOLWORTHS 1129 NORTH RYDE NS AUS Card xx2374 Value Date: 25/02/2025","+243.14"
27/02/2025,"-23.35","TRANSPORTFORNSW TAP SYDNEY AUS Card xx2374 Value Date: 25/02/2025","+273.14"
25/02/2025,"+100.00","Transfer from xx8914 CommBank app","+296.49"
25/02/2025,"+20.00","Transfer from xx8914 CommBank app","+196.49"
25/02/2025,"-300.00","Transfer to xx8914 CommBank app","+176.49"
25/02/2025,"+450.00","1/IRWAN HANDOYO REF 2025022100043377 /2469","+476.49"
24/02/2025,"+20.00","Transfer from xx8914 CommBank app","+26.49"
05/02/2025,"-4.49","APPLE.COM/BILL SYDNEY NS AUS Card xx2374 Value Date: 03/02/2025","+6.49"
03/02/2025,"+10.00","Transfer from xx8914 CommBank app","+10.98"
29/01/2025,"-54.00","Transfer to xx8914 CommBank app","+0.98"
29/01/2025,"-1.23","International Transaction Fee Value Date: 27/01/2025","+54.98"
29/01/2025,"-35.05","OPENAI *CHATGPT SUBSCR SAN FRANCISCO CA USA Card xx2374 USD 22.00 Value Date: 27/01/2025","+56.21"
29/01/2025,"+47.72","Return APPLE.COM/BILL SYDNEY AU AUS Card xx2374 Value Date: 24/01/2025","+91.26"
27/01/2025,"+10.00","Transfer from xx8914 CommBank app","+43.54"
27/01/2025,"+30.00","Transfer from xx8914 CommBank app","+33.54"
14/01/2025,"-32.95","VERITAS ENGINEERING PT PERTH AU AUS Card xx2374 Value Date: 10/01/2025","+3.54"
04/01/2025,"-4.49","APPLE.COM/BILL SYDNEY AU AUS Card xx2374 Value Date: 01/01/2025","+36.49"
20/12/2024,"-12.00","STAN.COM.AU","+40.98"
10/12/2024,"+50.00","Fast Transfer From JASON SURYAPUTRA Gift","+52.98"
05/12/2024,"-50.00","Transfer To Jason CommBank App .","+2.98"
05/12/2024,"+20.00","Transfer from xx8914 CommBank app","+52.98"
04/12/2024,"-4.49","APPLE.COM/BILL SYDNEY AU AUS Card xx2374 Value Date: 01/12/2024","+32.98"
26/11/2024,"-15.20","MCDONALDS INTERAIRIII MASCOT AUS Card xx2374 Value Date: 21/11/2024","+37.47"
23/11/2024,"-6.56","WHS SYD AIR T1 Pier B Mascot NS AUS Card xx2374 Value Date: 21/11/2024","+52.67"
23/11/2024,"-23.24","WHS SYD AIR T1 Pier B Mascot NS AUS Card xx2374 Value Date: 21/11/2024","+59.23"
23/11/2024,"-9.80","EVENT CINEMAS MACQUA MACQUARIE PAR AUS Card xx2374 Value Date: 20/11/2024","+82.47"
22/11/2024,"-41.75","WOOLWORTHS 1129 NORTH RYDE NS AUS Card xx2374 Value Date: 20/11/2024","+92.27"
22/11/2024,"-1.00","LAUNDRY C2C OSBORNE PARK WA AUS Card xx2374 Value Date: 19/11/2024","+134.02"
22/11/2024,"-23.70","EVENT MACQUARIE MACQUARIE AU AUS Card xx2374 Value Date: 20/11/2024","+135.02"
21/11/2024,"+20.00","Transfer from xx8914 CommBank app","+158.72"
21/11/2024,"+50.00","Transfer from xx8914 CommBank app","+138.72"
21/11/2024,"-4.00","LAUNDRY C2C OSBORNE PARK WA AUS Card xx2374 Value Date: 19/11/2024","+88.72"
21/11/2024,"-3.04","SQ *OMEGA MART GROCERY Sydney NS AUS Card xx2374 Value Date: 19/11/2024","+92.72"
21/11/2024,"-11.67","SQ *OMEGA MART GROCERY Sydney NS AUS Card xx2374 Value Date: 19/11/2024","+95.76"
21/11/2024,"-16.00","WOOLWORTHS 1248 SYDNEY NS AUS Card xx2374 Value Date: 19/11/2024","+107.43"
21/11/2024,"-9.00","KMART 1368KMART 1368 NORTH RYDE AU AUS Card xx2374 Value Date: 19/11/2024","+123.43"
21/11/2024,"-46.25","WOOLWORTHS 1248 SYDNEY NS AUS Card xx2374 Value Date: 19/11/2024","+132.43"
21/11/2024,"-138.20","Downtown Souvenirs Sydney NS AUS Card xx2374 Value Date: 19/11/2024","+178.68"
21/11/2024,"-20.00","TFNSW OPAL MACHINE SYDNEY AUS Card xx2374 Value Date: 19/11/2024","+316.88"
20/11/2024,"-12.00","STAN.COM.AU","+336.88"
20/11/2024,"+50.00","Transfer from xx8914 CommBank app","+348.88"
20/11/2024,"+20.00","Transfer from xx8914 CommBank app","+298.88"
20/11/2024,"+9.00","Transfer from xx8914 CommBank app","+278.88"
20/11/2024,"-43.99","CWH SYDNEY PARK STREET SYDNEY NS AUS Card xx2374 Value Date: 16/11/2024","+269.88"
20/11/2024,"-17.45","TSG BATHURST PTY LTD SYDNEY AUS Card xx2374 Value Date: 16/11/2024","+313.87"
20/11/2024,"-9.50","MCDONALDS PLAZA SYDNEY AUS Card xx2374 Value Date: 16/11/2024","+331.32"
19/11/2024,"-46.00","Transfer To INTARAWAT THANUNDORNWAT PayID Phone from CommBank App kbbq","+340.82"
19/11/2024,"+100.00","Transfer from xx8914 CommBank app","+386.82"
19/11/2024,"+100.00","Transfer from xx8914 CommBank app","+286.82"
19/11/2024,"+100.00","Transfer from xx8914 CommBank app","+186.82"
19/11/2024,"-32.48","Mary's Underground Sydney NS AUS Card xx2374 Value Date: 15/11/2024","+86.82"
19/11/2024,"-29.00","WOOLWORTHS 1248 SYDNEY NS AUS Card xx2374 Value Date: 16/11/2024","+119.30"
19/11/2024,"-141.53","Downtown Souvenirs Sydney NS AUS Card xx2374 Value Date: 16/11/2024","+148.30"
19/11/2024,"-5.00","SQ *RNK ESPRESSO Marsfield NS AUS Card xx2374 Value Date: 17/11/2024","+289.83"
19/11/2024,"-9.98","AMAZON AU MARKETPLACE SYDNEY AUS Card xx2374 Value Date: 14/11/2024","+294.83"
19/11/2024,"-49.40","EVENT GEORGE ST Sydney AU AUS Card xx2374 Value Date: 16/11/2024","+304.81"
17/11/2024,"+20.00","Transfer from xx8914 CommBank app","+354.21"
16/11/2024,"+50.00","Transfer from xx8914 CommBank app","+334.21"
16/11/2024,"+100.00","Transfer from xx8914 CommBank app","+284.21"
16/11/2024,"+100.00","Transfer from xx8914 CommBank app","+184.21"
15/11/2024,"+50.00","Transfer from xx8914 CommBank app","+84.21"
15/11/2024,"-44.98","AMAZON AU MARKETPLACE SYDNEY AUS Card xx2374 Value Date: 13/11/2024","+34.21"
14/11/2024,"-22.74","UBER EATS* EATS","+79.19"
13/11/2024,"+50.00","Transfer from xx8914 CommBank app","+101.93"
13/11/2024,"+50.00","Transfer from xx8914 CommBank app","+51.93"
12/11/2024,"-4.99","PRIMEVIDEO SYDNEY NS AUS Card xx2374 Value Date: 08/11/2024","+1.93"
12/11/2024,"-4.99","PRIMEVIDEO SYDNEY NS AUS Card xx2374 Value Date: 08/11/2024","+6.92"
12/11/2024,"-1.00","LAUNDRY C2C OSBORNE PARK WA AUS Card xx2374 Value Date: 08/11/2024","+11.91"
12/11/2024,"-147.10","Woolworths Online BELLA VISTA NS AUS Card xx2374 Value Date: 08/11/2024","+12.91"
12/11/2024,"-6.99","PRIMEVIDEO SYDNEY NS AUS Card xx2374 Value Date: 09/11/2024","+160.01"
12/11/2024,"-25.48","SQ *SYDNEY POOF DOOF Darlinghurst NS AUS Card xx2374 Value Date: 10/11/2024","+167.00"
12/11/2024,"-52.15","UBER* TRIP SYDNEY NS AUS Card xx2374 Value Date: 10/11/2024","+192.48"
12/11/2024,"-15.20","SMP*Arq Sydney Darlinghurst AU AUS Card xx2374 Value Date: 10/11/2024","+244.63"
12/11/2024,"-42.63","UNIVERSAL IMPERIAL HOT ERSKINEVILLE AUS Card xx2374 Value Date: 10/11/2024","+259.83"
12/11/2024,"-22.33","UNIVERSAL IMPERIAL HOT ERSKINEVILLE AUS Card xx2374 Value Date: 09/11/2024","+302.46"
10/11/2024,"+50.00","Transfer from xx8914 CommBank app","+324.79"
09/11/2024,"+100.00","Transfer from xx8914 CommBank app","+274.79"
09/11/2024,"+10.00","Transfer from xx8914 CommBank app","+174.79"
09/11/2024,"-1.00","LAUNDRY C2C OSBORNE PARK WA AUS Card xx2374 Value Date: 07/11/2024","+164.79"
09/11/2024,"-4.00","LAUNDRY C2C OSBORNE PARK WA AUS Card xx2374 Value Date: 07/11/2024","+165.79"
08/11/2024,"+50.00","Transfer from xx8914 CommBank app","+169.79"
08/11/2024,"+100.00","Transfer from xx8914 CommBank app","+119.79"
08/11/2024,"-5.15","gnibl Artarmon AU AUS Card xx2374 Value Date: 06/11/2024","+19.79"
08/11/2024,"-4.70","CocaColaEPP North Ryde AUS Card xx2374 Value Date: 31/10/2024","+24.94"
07/11/2024,"-5.15","gnibl Artarmon AU AUS Card xx2374 Value Date: 05/11/2024","+29.64"
07/11/2024,"-4.15","gnibl Artarmon AU AUS Card xx2374 Value Date: 05/11/2024","+34.79"
07/11/2024,"-4.15","gnibl Artarmon AU AUS Card xx2374 Value Date: 05/11/2024","+38.94"
07/11/2024,"-25.10","MIRACLE SUPERMARKET NORTH RYDE NS AUS Card xx2374 Value Date: 05/11/2024","+43.09"
07/11/2024,"-14.17","SQ *SUSHI WORLD - MACQ Macquarie Par NS AUS Card xx2374 Value Date: 05/11/2024","+68.19"
06/11/2024,"-20.55","UBER EATS* EATS","+82.36"
06/11/2024,"+25.00","Transfer from xx8914 CommBank app","+102.91"
06/11/2024,"-1000.00","Transfer to xx8914 CommBank app","+77.91"
06/11/2024,"+1000.00","1/IRWAN HANDOYO REF 2024110400032225 NOV /2469","+1077.91"
06/11/2024,"-3.99","Powerpod Kiosks SUNRISE BEACH AU AUS Card xx2374 Value Date: 03/11/2024","+77.91"
06/11/2024,"-4.49","APPLE.COM/BILL SYDNEY NS AUS Card xx2374 Value Date: 03/11/2024","+81.90"
06/11/2024,"-7.00","LIBRARY CAFE NORTH RYDE NS AUS Card xx2374 Value Date: 02/11/2024","+86.39"
06/11/2024,"-17.05","LANZHOU LAMIAN BEEF NORTH RYDE AUS Card xx2374 Value Date: 03/11/2024","+93.39"
06/11/2024,"-4.70","CocaColaEPP North Ryde AUS Card xx2374 Value Date: 03/11/2024","+110.44"
05/11/2024,"+50.00","Transfer from xx8914 CommBank app","+115.14"
05/11/2024,"-4.50","SQ *RNK ESPRESSO Marsfield NS AUS Card xx2374 Value Date: 03/11/2024","+65.14"
05/11/2024,"-4.50","WOOLWORTHS 1129 NORTH RYDE NS AUS Card xx2374 Value Date: 03/11/2024","+69.64"
03/11/2024,"+50.00","Transfer from xx8914 CommBank app","+74.14"
02/11/2024,"-25.58","UBER EATS* EATS","+24.14"
02/11/2024,"+25.00","Transfer from xx8914 CommBank app","+49.72"
02/11/2024,"+20.00","Transfer from xx8914 CommBank app","+24.72"
01/11/2024,"-4.15","gnibl Artarmon AU AUS Card xx2374 Value Date: 30/10/2024","+4.72"
01/11/2024,"-4.15","gnibl Artarmon AU AUS Card xx2374 Value Date: 29/10/2024","+8.87"
30/10/2024,"-26.75","UBER EATS* EATS","+13.02"
30/10/2024,"+26.00","Transfer from xx8914 CommBank app","+39.77"
29/10/2024,"-4.99","PRIMEVIDEO SYDNEY NS AUS Card xx2374 Value Date: 25/10/2024","+13.77"
29/10/2024,"-20.00","TFNSW OPAL MACHINE SYDNEY AUS Card xx2374 Value Date: 26/10/2024","+18.76"
29/10/2024,"-28.42","UNIVERSAL IMPERIAL HOT ERSKINEVILLE AUS Card xx2374 Value Date: 27/10/2024","+38.76"
28/10/2024,"-12.00","STAN.COM.AU","+67.18"
27/10/2024,"+50.00","Transfer from xx8914 CommBank app","+79.18"
26/10/2024,"+20.00","Transfer from xx8914 CommBank app","+29.18"
26/10/2024,"-28.30","WOOLWORTHS 1129 NORTH RYDE NS AUS Card xx2374 Value Date: 24/10/2024","+9.18"
26/10/2024,"-2.85","gnibl Artarmon AU AUS Card xx2374 Value Date: 24/10/2024","+37.48"
25/10/2024,"+5.00","Transfer from xx8914 CommBank app","+40.33"
25/10/2024,"-25.95","UBER *EATS HELP.UBER.COM","+35.33"
25/10/2024,"+28.00","Transfer from xx8914 CommBank app","+61.28"
24/10/2024,"-20.00","PAYPAL *MACQUARIEUN Sydney AU","+33.28"
24/10/2024,"+20.00","Transfer from xx8914 CommBank app","+53.28"
24/10/2024,"+30.00","Transfer from xx8914 CommBank app","+33.28"
24/10/2024,"+5.00","Transfer from xx8914 CommBank app","+3.28"
24/10/2024,"-4.15","gnibl Artarmon AU AUS Card xx2374 Value Date: 22/10/2024","-1.72"
24/10/2024,"-1.00","LAUNDRY C2C OSBORNE PARK WA AUS Card xx2374 Value Date: 22/10/2024","+2.43"
23/10/2024,"-1.00","LAUNDRY C2C OSBORNE PARK WA AUS Card xx2374 Value Date: 21/10/2024","+3.43"
23/10/2024,"-4.00","LAUNDRY C2C OSBORNE PARK WA AUS Card xx2374 Value Date: 21/10/2024","+4.43"
23/10/2024,"-3.92","TRANSPORTFORNSW TAP SYDNEY AUS Card xx2374 Value Date: 20/10/2024","+8.43"
22/10/2024,"+3.00","Transfer from xx8914 CommBank app","+12.35"
22/10/2024,"-21.40","UBER EATS* EATS","+9.35"
22/10/2024,"+20.00","Transfer from xx8914 CommBank app","+30.75"
22/10/2024,"-19.23","SQ *SUSHI WORLD - MACQ Macquarie Par NS AUS Card xx2374 Value Date: 18/10/2024","+10.75"
22/10/2024,"-69.21","Vodafone Australia North Sydney AU AUS Card xx2374 Value Date: 18/10/2024","+29.98"
22/10/2024,"-2.85","gnibl Artarmon AU AUS Card xx2374 Value Date: 17/10/2024","+99.19"
22/10/2024,"-2.85","gnibl Artarmon AU AUS Card xx2374 Value Date: 19/10/2024","+102.04"
22/10/2024,"-3.10","gnibl Artarmon AU AUS Card xx2374 Value Date: 19/10/2024","+104.89"
22/10/2024,"-29.40","Qudos Bank Arena Sydney Olympi NS AUS Card xx2374 Value Date: 18/10/2024","+107.99"
22/10/2024,"-30.00","SQ *CLICK CLINIC Midland WA AUS Card xx2374 Value Date: 20/10/2024","+137.39"
22/10/2024,"-4.15","gnibl Artarmon AU AUS Card xx2374 Value Date: 20/10/2024","+167.39"
21/10/2024,"-24.35","UBER EATS* EATS","+171.54"
21/10/2024,"+4.00","Transfer from xx8914 CommBank app","+195.89"
21/10/2024,"+1.00","Transfer from xx8914 CommBank app","+191.89"
21/10/2024,"+2.00","Transfer from xx8914 CommBank app","+190.89"
21/10/2024,"+21.40","Refund Purchase UBER EATS* EATS","+188.89"
21/10/2024,"-21.40","UBER EATS* EATS","+167.49"
21/10/2024,"+20.00","Transfer from xx8914 CommBank app","+188.89"
20/10/2024,"-18.00","Transfer To Sham CommBank App movie","+168.89"
20/10/2024,"+18.00","Transfer from xx8914 CommBank app","+186.89"
20/10/2024,"+10.00","Transfer from xx8914 CommBank app","+168.89"
19/10/2024,"+4.50","Adjust Purchase CocaColaEPP Card xx2374 AUD 4.50 Value Date: 17/10/2024","+158.89"
19/10/2024,"-4.50","CocaColaEPP North Ryde AUS Card xx2374 Value Date: 17/10/2024","+154.39"
19/10/2024,"-4.50","CocaColaEPP North Ryde AUS Card xx2374 Value Date: 17/10/2024","+158.89"
18/10/2024,"+50.00","Transfer from xx8914 CommBank app","+163.39"
18/10/2024,"+30.00","Transfer from xx8914 CommBank app","+113.39"
18/10/2024,"+70.00","Transfer from xx8914 CommBank app","+83.39"
18/10/2024,"-2.85","gnibl Artarmon AU AUS Card xx2374 Value Date: 16/10/2024","+13.39"
18/10/2024,"-2.85","gnibl Artarmon AU AUS Card xx2374 Value Date: 15/10/2024","+16.24"
17/10/2024,"+5.00","Transfer from xx8914 CommBank app","+19.09"
17/10/2024,"+5.00","Transfer from xx8914 CommBank app","+14.09"
17/10/2024,"-120.00","Transfer To Sham CommBank App olivia","+9.09"
17/10/2024,"+120.00","Transfer from xx8914 CommBank app","+129.09"
17/10/2024,"-2.24","TRANSPORTFORNSW TAP SYDNEY AUS Card xx2374 Value Date: 14/10/2024","+9.09"
16/10/2024,"-21.40","UBER EATS* EATS","+11.33"
15/10/2024,"-34.37","UBER EATS* EATS","+32.73"
15/10/2024,"+50.00","Transfer from xx8914 CommBank app","+67.10"
15/10/2024,"-56.78","THE BAVARIAN - WORLD S THE ROCKS NS AUS Card xx2374 Value Date: 11/10/2024","+17.10"
15/10/2024,"-3.50","CocaColaEPP North Ryde AUS Card xx2374 Value Date: 10/10/2024","+73.88"
15/10/2024,"-4.50","CocaColaEPP North Ryde AUS Card xx2374 Value Date: 10/10/2024","+77.38"
15/10/2024,"-49.99","COTTON ON 2939 MACQUARIE PAR NS AUS Card xx2374 Value Date: 13/10/2024","+81.88"
15/10/2024,"-1.83","International Transaction Fee Value Date: 13/10/2024","+131.87"
15/10/2024,"-52.17","ABLEAPP.COM/BILL SAN FRANCISCO CA USA Card xx2374 USD 35.00 Value Date: 13/10/2024","+133.70"
13/10/2024,"+100.00","Transfer from xx8914 CommBank app","+185.87"
13/10/2024,"+20.00","Transfer from xx8914 CommBank app","+85.87"
12/10/2024,"-22.36","UBER *EATS HELP.UBER.COM","+65.87"
12/10/2024,"+10.00","Transfer from xx8914 CommBank app","+88.23"
11/10/2024,"+10.00","Transfer from xx8914 CommBank app Value Date: 12/10/2024","+78.23"
11/10/2024,"+10.00","Transfer from xx8914 CommBank app","+68.23"
11/10/2024,"-3.10","gnibl Artarmon AU AUS Card xx2374 Value Date: 09/10/2024","+58.23"
09/10/2024,"-20.20","UBER EATS* EATS","+61.33"
09/10/2024,"+70.00","Fast Transfer From JASON SURYAPUTRA Kamsia","+81.53"
09/10/2024,"-1000.00","Transfer to xx8914 CommBank app","+11.53"
09/10/2024,"+1000.00","1/IRWAN HANDOYO REF 2024100700018175 OKT /2469","+1011.53"
09/10/2024,"-1.00","LAUNDRY C2C OSBORNE PARK WA AUS Card xx2374 Value Date: 07/10/2024","+11.53"
09/10/2024,"-4.00","LAUNDRY C2C OSBORNE PARK WA AUS Card xx2374 Value Date: 06/10/2024","+12.53"
08/10/2024,"-70.00","Transfer To Jason CommBank App .","+16.53"
08/10/2024,"+50.00","Transfer from xx8914 CommBank app","+86.53"
08/10/2024,"-4.15","gnibl Artarmon AU AUS Card xx2374 Value Date: 04/10/2024","+36.53"
08/10/2024,"-3.10","gnibl Artarmon AU AUS Card xx2374 Value Date: 04/10/2024","+40.68"
08/10/2024,"-3.10","gnibl Artarmon AU AUS Card xx2374 Value Date: 03/10/2024","+43.78"
08/10/2024,"-20.25","SQ *SUSHI WORLD - MACQ Macquarie Par NS AUS Card xx2374 Value Date: 04/10/2024","+46.88"
08/10/2024,"-4.15","gnibl Artarmon AU AUS Card xx2374 Value Date: 06/10/2024","+67.13"
08/10/2024,"-3.10","gnibl Artarmon AU AUS Card xx2374 Value Date: 06/10/2024","+71.28"
08/10/2024,"-19.49","APPLE.COM/BILL SYDNEY AU AUS Card xx2374 Value Date: 06/10/2024","+74.38"
08/10/2024,"-38.06","UNIVERSAL SHIFT PTY LT DARLINGHURST AUS Card xx2374 Value Date: 06/10/2024","+93.87"
06/10/2024,"+100.00","Transfer from xx8914 CommBank app","+131.93"
04/10/2024,"-20.00","Transfer to xx8914 CommBank app","+31.93"
04/10/2024,"+20.00","Transfer from xx8914 CommBank app","+51.93"
04/10/2024,"-20.00","Transfer to xx8914 CommBank app","+31.93"
04/10/2024,"+20.00","Transfer from xx8914 CommBank app","+51.93"
04/10/2024,"+6.00","Transfer from xx8914 CommBank app","+31.93"
04/10/2024,"+20.00","Transfer from xx8914 CommBank app","+25.93"
04/10/2024,"-20.80","WOOLWORTHS 1129 NORTH RYDE AU AUS Card xx2374 Value Date: 02/10/2024","+5.93"
04/10/2024,"-3.10","gnibl Artarmon AU AUS Card xx2374 Value Date: 02/10/2024","+26.73"
04/10/2024,"-4.49","APPLE.COM/BILL SYDNEY NS AUS Card xx2374 Value Date: 02/10/2024","+29.83"
04/10/2024,"-5.40","COLES 5791COLES 5791 MACQUARIE PK AU AUS Card xx2374 Value Date: 02/10/2024","+34.32"
03/10/2024,"-12.98","PLINE PH MACQUARIE CE NORTH RYDE AUS Card xx2374 Value Date: 30/09/2024","+39.72"
03/10/2024,"-12.00","STAN.COM.AU","+52.70"
02/10/2024,"+50.00","Transfer from xx8914 CommBank app","+64.70"
02/10/2024,"-3.49","POWERPOD SUNRISE BEACH AU AUS Card xx2374 Value Date: 30/09/2024","+14.70"
02/10/2024,"-12.99","POWERPOD SUNRISE BEACH AU AUS Card xx2374 Value Date: 30/09/2024","+18.19"
30/09/2024,"+30.00","Transfer from xx8914 CommBank app","+31.18"
29/09/2024,"-31.41","UBER EATS* EATS","+1.18"
29/09/2024,"+30.00","Transfer from xx8914 CommBank app","+32.59"
28/09/2024,"-20.00","TFNSW OPAL MACHINE SYDNEY AUS Card xx2374 Value Date: 25/09/2024","+2.59"
25/09/2024,"+20.00","Transfer from xx8914 CommBank app","+22.59"
25/09/2024,"-1.00","LAUNDRY C2C OSBORNE PARK WA AUS Card xx2374 Value Date: 22/09/2024","+2.59"
25/09/2024,"-4.00","LAUNDRY C2C OSBORNE PARK WA AUS Card xx2374 Value Date: 22/09/2024","+3.59"
25/09/2024,"-4.00","LAUNDRY C2C OSBORNE PARK WA AUS Card xx2374 Value Date: 22/09/2024","+7.59"
25/09/2024,"-2.24","TRANSPORTFORNSW TAP SYDNEY AUS Card xx2374 Value Date: 23/09/2024","+11.59"
24/09/2024,"-4.15","gnibl Artarmon AU AUS Card xx2374 Value Date: 20/09/2024","+13.83"
24/09/2024,"-4.15","gnibl Artarmon AU AUS Card xx2374 Value Date: 19/09/2024","+17.98"
24/09/2024,"-4.15","gnibl Artarmon AU AUS Card xx2374 Value Date: 21/09/2024","+22.13"
24/09/2024,"-38.40","WOOLWORTHS 1761 MARSFIELD AU AUS Card xx2374 Value Date: 22/09/2024","+26.28"
24/09/2024,"-2.85","gnibl Artarmon AU AUS Card xx2374 Value Date: 21/09/2024","+64.68"
24/09/2024,"-4.48","TRANSPORTFORNSW TAP SYDNEY AUS Card xx2374 Value Date: 22/09/2024","+67.53"
23/09/2024,"-15.50","TRYBOOKING*Sydney Cath","+72.01"
23/09/2024,"+15.00","Transfer from xx8914 CommBank app","+87.51"
22/09/2024,"+50.00","Transfer from xx8914 CommBank app","+72.51"
22/09/2024,"+0.02","Refund Purchase UBER* TRIP","+22.51"
22/09/2024,"-45.56","UBER* TRIP","+22.49"
22/09/2024,"+50.00","Transfer from xx8914 CommBank app","+68.05"
21/09/2024,"+5.00","Transfer from xx8914 CommBank app","+18.05"
21/09/2024,"-22.99","APPLE.COM/BILL SYDNEY AU AUS Card xx2374 Value Date: 18/09/2024","+13.05"
20/09/2024,"+5.00","Transfer from xx8914 CommBank app","+36.04"
20/09/2024,"-4.15","gnibl Artarmon AU AUS Card xx2374 Value Date: 18/09/2024","+31.04"
19/09/2024,"-31.03","UBER EATS* EATS","+35.19"
19/09/2024,"+31.00","Transfer from xx8914 CommBank app","+66.22"
19/09/2024,"-4.15","gnibl Artarmon AU AUS Card xx2374 Value Date: 17/09/2024","+35.22"
19/09/2024,"-9.99","AMZNPRIMEAU MEMBERSHIP SYDNEY SOUTH NS AUS Card xx2374 Value Date: 17/09/2024","+39.37"
18/09/2024,"-45.00","Transfer To INTARAWAT THANUNDORNWAT PayID Phone from CommBank App kbbq","+49.36"
18/09/2024,"+45.00","Transfer from xx8914 CommBank app","+94.36"
17/09/2024,"-22.74","UBER EATS* EATS","+49.36"
17/09/2024,"+50.00","Transfer from xx8914 CommBank app","+72.10"
17/09/2024,"-24.90","UPPERROOM HOLDINGS PTY SYDNEY AU AUS Card xx2374 Value Date: 14/09/2024","+22.10"
14/09/2024,"+40.00","Transfer from xx8914 CommBank app","+47.00"
14/09/2024,"-24.49","Peppercorn Kitchen Macquarie Par NS AUS Card xx2374 Value Date: 12/09/2024","+7.00"
13/09/2024,"-21.40","UBER EATS* EATS","+31.49"
13/09/2024,"-50.00","Transfer to xx8914 CommBank app","+52.89"
13/09/2024,"-5.76","ALDI STORES - NORTH RY NORTH RYDE AUS Card xx2374 Value Date: 10/09/2024","+102.89"
12/09/2024,"+50.00","Fast Transfer From JASON SURYAPUTRA Thanks","+108.65"
12/09/2024,"+50.00","Transfer from xx8914 CommBank app","+58.65"
12/09/2024,"-16.70","WOOLWORTHS 1129 NORTH RYDE AU AUS Card xx2374 Value Date: 10/09/2024","+8.65"
12/09/2024,"-2.85","gnibl Artarmon AU AUS Card xx2374 Value Date: 10/09/2024","+25.35"
12/09/2024,"-54.69","Vodafone Australia North Sydney AU AUS Card xx2374 Value Date: 10/09/2024","+28.20"
11/09/2024,"-22.17","UBER EATS* EATS","+82.89"
11/09/2024,"+20.00","Transfer from xx8914 CommBank app","+105.06"
11/09/2024,"-4.10","gnibl Artarmon AU AUS Card xx2374 Value Date: 09/09/2024","+85.06"
11/09/2024,"-1.00","LAUNDRY C2C OSBORNE PARK WA AUS Card xx2374 Value Date: 09/09/2024","+89.16"
11/09/2024,"-1.00","LAUNDRY C2C OSBORNE PARK WA AUS Card xx2374 Value Date: 09/09/2024","+90.16"
11/09/2024,"-4.00","LAUNDRY C2C OSBORNE PARK WA AUS Card xx2374 Value Date: 08/09/2024","+91.16"
10/09/2024,"+55.00","Transfer from xx8914 CommBank app","+95.16"
10/09/2024,"+20.00","Transfer from xx8914 CommBank app","+40.16"
10/09/2024,"-50.00","Transfer To Jason Suryaputra CommBank App .","+20.16"
10/09/2024,"+50.00","Transfer from xx8914 CommBank app","+70.16"
10/09/2024,"+10.00","Transfer from xx8914 CommBank app","+20.16"
10/09/2024,"-4.10","gnibl Artarmon AU AUS Card xx2374 Value Date: 07/09/2024","+10.16"
09/09/2024,"-154.00","Transfer To Sham CommBank App gracie","+14.26"
09/09/2024,"+150.00","Transfer from xx8914 CommBank app","+168.26"
09/09/2024,"+10.00","Transfer from xx8914 CommBank app","+18.26"
07/09/2024,"-26.70","UBER EATS* EATS","+8.26"
07/09/2024,"+20.00","Transfer from xx8914 CommBank app","+34.96"
07/09/2024,"-16.20","SQ *SUSHI WORLD - MACQ Macquarie Par NS AUS Card xx2374 Value Date: 05/09/2024","+14.96"
06/09/2024,"-50.00","Transfer to xx8914 CommBank app","+31.16"
06/09/2024,"-119.60","Woolworths Online BELLA VISTA AU AUS Card xx2374 Value Date: 04/09/2024","+81.16"
06/09/2024,"-4.70","Woolworths Online BELLA VISTA AU AUS Card xx2374 Value Date: 04/09/2024","+200.76"
05/09/2024,"+50.00","Fast Transfer From JASON SURYAPUTRA Kamsia cil","+205.46"
05/09/2024,"+20.00","Transfer from xx8914 CommBank app","+155.46"
05/09/2024,"-2.85","gnibl Artarmon AU AUS Card xx2374 Value Date: 03/09/2024","+135.46"
04/09/2024,"+120.00","Transfer from xx8914 CommBank app","+138.31"
04/09/2024,"-1000.00","Transfer to xx8914 CommBank app","+18.31"
04/09/2024,"+1000.00","1/IRWAN HANDOYO REF 2024090200040253 SEPT /2469","+1018.31"
04/09/2024,"-4.49","APPLE.COM/BILL SYDNEY AU AUS Card xx2374 Value Date: 01/09/2024","+18.31"
04/09/2024,"-25.22","STONEWALL HOTEL PTY DARLINGHURST NS AUS Card xx2374 Value Date: 01/09/2024","+22.80"
03/09/2024,"-50.00","Transfer To Jason CommBank App p","+48.02"
03/09/2024,"+50.00","Transfer from xx8914 CommBank app","+98.02"
03/09/2024,"-22.74","UBER EATS* EATS","+48.02"
03/09/2024,"+20.00","Transfer from xx8914 CommBank app","+70.76"
03/09/2024,"-50.50","KMART 1368KMART 1368 NORTH RYDE AU AUS Card xx2374 Value Date: 30/08/2024","+50.76"
03/09/2024,"-3.10","gnibl Artarmon AU AUS Card xx2374 Value Date: 29/08/2024","+101.26"
03/09/2024,"-2.94","TRANSPORTFORNSW TAP SYDNEY AUS Card xx2374 Value Date: 31/08/2024","+104.36"
03/09/2024,"-4.99","APPLE.COM/BILL SYDNEY NS AUS Card xx2374 Value Date: 31/08/2024","+107.30"
03/09/2024,"-20.00","TFNSW OPAL MACHINE SYDNEY AUS Card xx2374 Value Date: 31/08/2024","+112.29"
01/09/2024,"-34.48","UBER EATS* EATS","+132.29"
01/09/2024,"+30.00","Transfer from xx8914 CommBank app","+166.77"
01/09/2024,"+50.00","Transfer from xx8914 CommBank app","+136.77"
31/08/2024,"+20.00","Transfer from xx8914 CommBank app","+86.77"
31/08/2024,"-38.68","Transfer To Sham CommBank App alcohol","+66.77"
31/08/2024,"+38.68","Transfer from xx8914 CommBank app","+105.45"
31/08/2024,"-26.67","UBER EATS* EATS","+66.77"
30/08/2024,"+50.00","Transfer from xx8914 CommBank app","+93.44"
30/08/2024,"+20.00","Transfer from xx8914 CommBank app","+43.44"
30/08/2024,"+20.00","Transfer from xx8914 CommBank app","+23.44"
30/08/2024,"-2.80","gnibl Artarmon AU AUS Card xx2374 Value Date: 28/08/2024","+3.44"
29/08/2024,"-16.95","Transfer To J ESPINO PayID Email from CommBank App moto","+6.24"
29/08/2024,"+16.95","Transfer from xx8914 CommBank app","+23.19"
28/08/2024,"-10.65","WOOLWORTHS 1129 NORTH RYDE AU AUS Card xx2374 Value Date: 26/08/2024","+6.24"
28/08/2024,"-7.99","APPLE.COM/BILL SYDNEY NS AUS Card xx2374 Value Date: 25/08/2024","+16.89"
28/08/2024,"-11.06","SOLANNA PTY LTD NORTH RYDE NS AUS Card xx2374 Value Date: 26/08/2024","+24.88"
28/08/2024,"-1.00","LAUNDRY C2C OSBORNE PARK WA AUS Card xx2374 Value Date: 25/08/2024","+35.94"
28/08/2024,"-4.00","LAUNDRY C2C OSBORNE PARK WA AUS Card xx2374 Value Date: 25/08/2024","+36.94"
28/08/2024,"-5.85","CRUNCH CAFE NORTH RYDE NS AUS Card xx2374 Value Date: 24/08/2024","+40.94"
28/08/2024,"-15.23","UNIVERSAL HOTELS DARLINGHURST AUS Card xx2374 Value Date: 24/08/2024","+46.79"
28/08/2024,"-5.00","MARSFIELD PARISH MARSFIELD AUS Card xx2374 Value Date: 25/08/2024","+62.02"
28/08/2024,"-2.24","TRANSPORTFORNSW TAP SYDNEY AUS Card xx2374 Value Date: 26/08/2024","+67.02"
27/08/2024,"-22.77","UBER EATS* EATS","+69.26"
27/08/2024,"+15.00","Transfer from xx8914 CommBank app","+92.03"
27/08/2024,"-15.02","LANZHOU LAMIAN BEEF NORTH RYDE AUS Card xx2374 Value Date: 22/08/2024","+77.03"
27/08/2024,"-16.68","YORI YORI MAC PTY LTD MACQUARIE PAR AUS Card xx2374 Value Date: 23/08/2024","+92.05"
27/08/2024,"-17.55","WOOLWORTHS 1129 NORTH RYDE AU AUS Card xx2374 Value Date: 24/08/2024","+108.73"
27/08/2024,"-2.80","gnibl Artarmon AU AUS Card xx2374 Value Date: 24/08/2024","+126.28"
27/08/2024,"-2.80","gnibl Artarmon AU AUS Card xx2374 Value Date: 24/08/2024","+129.08"
26/08/2024,"+30.00","Transfer from xx8914 CommBank app","+131.88"
25/08/2024,"+10.00","Transfer from xx8914 CommBank app","+101.88"
25/08/2024,"+10.00","Transfer from xx8914 CommBank app","+91.88"
24/08/2024,"+10.00","Transfer from xx8914 CommBank app","+81.88"
24/08/2024,"+20.00","Transfer from xx8914 CommBank app","+71.88"
24/08/2024,"-10.00","KMART 1368KMART 1368 NORTH RYDE AU AUS Card xx2374 Value Date: 22/08/2024","+51.88"
23/08/2024,"+20.00","Transfer from xx8914 CommBank app","+61.88"
23/08/2024,"-19.13","Rolld - Macquarie Uni Macquarie Par AU AUS Card xx2374 Value Date: 21/08/2024","+41.88"
23/08/2024,"-20.00","TFNSW OPAL MACHINE SYDNEY AUS Card xx2374 Value Date: 21/08/2024","+61.01"
22/08/2024,"+10.00","Transfer from xx8914 CommBank app","+81.01"
22/08/2024,"+20.00","Transfer from xx8914 CommBank app","+71.01"
22/08/2024,"-9.99","AMZNPRIMEAU MEMBERSHIP SYDNEY SOUTH NS AUS Card xx2374 Value Date: 20/08/2024","+51.01"
21/08/2024,"-26.73","UBER EATS* EATS","+61.00"
21/08/2024,"+30.00","Transfer from xx8914 CommBank app","+87.73"
21/08/2024,"+20.00","Transfer from xx8914 CommBank app","+57.73"
21/08/2024,"+20.00","Transfer from xx8914 CommBank app","+37.73"
21/08/2024,"-400.00","Transfer to xx8914 CommBank app","+17.73"
21/08/2024,"+400.00","1/IRWAN HANDOYO REF 2024081900032021 /2469","+417.73"
21/08/2024,"-3.92","TRANSPORTFORNSW TAP SYDNEY AUS Card xx2374 Value Date: 18/08/2024","+17.73"
20/08/2024,"-12.00","STAN.COM.AU","+21.65"
20/08/2024,"+15.00","Transfer from xx8914 CommBank app","+33.65"
20/08/2024,"-16.20","SQ *SUSHI WORLD - MACQ Macquarie Par NS AUS Card xx2374 Value Date: 16/08/2024","+18.65"
20/08/2024,"-34.43","THE RESCH HOUSE Sydney NS AUS Card xx2374 Value Date: 17/08/2024","+34.85"
19/08/2024,"-25.90","UBER EATS* EATS","+69.28"
19/08/2024,"+30.00","Transfer from xx8914 CommBank app","+95.18"
18/08/2024,"-8.61","Transfer To KEIFER ALEX PayID Phone from CommBank App corona","+65.18"
17/08/2024,"+50.00","Transfer from xx8914 CommBank app","+73.79"
17/08/2024,"-30.00","Transfer To NNAMDI BOBBY NWAEKWU PayID Phone from CommBank App dinner","+23.79"
17/08/2024,"+30.00","Transfer from xx8914 CommBank app","+53.79"
17/08/2024,"-15.17","YORI YORI MAC PTY LTD MACQUARIE PAR AUS Card xx2374 Value Date: 15/08/2024","+23.79"
16/08/2024,"-42.15","WOOLWORTHS 1129 NORTH RYDE AU AUS Card xx2374 Value Date: 14/08/2024","+38.96"
16/08/2024,"-20.99","APPLE.COM/BILL SYDNEY AU AUS Card xx2374 Value Date: 13/08/2024","+81.11"
15/08/2024,"+30.00","Transfer from xx8914 CommBank app","+102.10"
14/08/2024,"+50.00","Transfer from xx8914 CommBank app","+72.10"
14/08/2024,"-1.00","LAUNDRY C2C OSBORNE PARK WA AUS Card xx2374 Value Date: 12/08/2024","+22.10"
14/08/2024,"-4.00","LAUNDRY C2C OSBORNE PARK WA AUS Card xx2374 Value Date: 12/08/2024","+23.10"
14/08/2024,"-18.82","Rolld - Macquarie Uni Macquarie Par AU AUS Card xx2374 Value Date: 12/08/2024","+27.10"
14/08/2024,"-14.99","Google YouTube Videos Pyrmont AU AUS Card xx2374 Value Date: 12/08/2024","+45.92"
13/08/2024,"-2.80","gnibl Artarmon AU AUS Card xx2374 Value Date: 10/08/2024","+60.91"
13/08/2024,"-25.73","UBER *EATS Sydney AU AUS Card xx2374 Value Date: 10/08/2024","+63.71"
12/08/2024,"+30.00","Transfer from xx8914 CommBank app","+89.44"
12/08/2024,"+20.00","Transfer from xx8914 CommBank app","+59.44"
10/08/2024,"-9.99","PAYPAL *APPLE.COM/BILL Sydney AU","+39.44"
10/08/2024,"+40.00","Transfer from xx8914 CommBank app","+49.43"
07/08/2024,"-590.00","Transfer to xx8914 CommBank app","+9.43"
07/08/2024,"+591.00","1/IRWAN HANDOYO AGST /2469 REF 2024080200028590 Fee AUD 5.00000","+599.43"
06/08/2024,"-0.03","International Transaction Fee Value Date: 04/08/2024","+8.43"
06/08/2024,"-0.77","ABLEAPP.COM/BILL SAN FRANCISCO CA USA Card xx2374 USD 0.50 Value Date: 04/08/2024","+8.46"
06/08/2024,"-5.00","MARSFIELD PARISH MARSFIELD AUS Card xx2374 Value Date: 04/08/2024","+9.23"
03/08/2024,"-4.49","APPLE.COM/BILL SYDNEY NS AUS Card xx2374 Value Date: 01/08/2024","+14.23"
03/08/2024,"-15.99","APPLE.COM/BILL SYDNEY AU AUS Card xx2374 Value Date: 31/07/2024","+18.72"
03/08/2024,"-63.30","EVENT MACQUARIE MACQUARIE AU AUS Card xx2374 Value Date: 01/08/2024","+34.71"
02/08/2024,"+20.00","Transfer from xx8914 CommBank app","+98.01"
02/08/2024,"-9.38","TRANSPORTFORNSW TAP SYDNEY AUS Card xx2374 Value Date: 31/07/2024","+78.01"
01/08/2024,"+5.00","Transfer from xx8914 CommBank app","+87.39"
01/08/2024,"+30.00","Fast Transfer From JOSH RAGHNALL ESPINO to PayID Phone dp","+82.39"
01/08/2024,"+20.00","Transfer from xx8914 CommBank app","+52.39"
01/08/2024,"-9.34","TRANSPORTFORNSW TAP SYDNEY AUS Card xx2374 Value Date: 29/07/2024","+32.39"
31/07/2024,"-40.82","VFG 383 George Pty Lt Sydney NS AUS Card xx2374 Value Date: 29/07/2024","+41.73"
31/07/2024,"-15.27","EzyMart Circular Quay Sydney NS AUS Card xx2374 Value Date: 29/07/2024","+82.55"
31/07/2024,"-69.12","UPPERROOM HOLDINGS PTY SYDNEY AU AUS Card xx2374 Value Date: 28/07/2024","+97.82"
31/07/2024,"-1.00","LAUNDRY C2C OSBORNE PARK WA AUS Card xx2374 Value Date: 28/07/2024","+166.94"
31/07/2024,"-4.00","LAUNDRY C2C OSBORNE PARK WA AUS Card xx2374 Value Date: 28/07/2024","+167.94"
30/07/2024,"-17.05","LANZHOU LAMIAN BEEF NORTH RYDE AUS Card xx2374 Value Date: 25/07/2024","+171.94"
29/07/2024,"+50.00","Transfer from xx8914 CommBank app","+188.99"
28/07/2024,"-18.30","Transfer To KEIFER ALEX PayID Phone from CommBank App karaoke bar","+138.99"
28/07/2024,"+34.50","Fast Transfer From KEIFER ALEX to PayID Phone Garam Merica","+157.29"
28/07/2024,"+50.00","Transfer from xx8914 CommBank app","+122.79"
27/07/2024,"-12.21","Rolld - Macquarie Uni Macquarie Par AU AUS Card xx2374 Value Date: 25/07/2024","+72.79"
25/07/2024,"+20.00","Fast Transfer From JASON SURYAPUTRA Thanks","+85.00"
25/07/2024,"+50.00","Transfer from xx8914 CommBank app","+65.00"
25/07/2024,"-4.45","St Laurent North Ryde NS AUS Card xx2374 Value Date: 23/07/2024","+15.00"
25/07/2024,"-182.38","Vodafone Australia North Sydney AU AUS Card xx2374 Value Date: 23/07/2024","+19.45"
24/07/2024,"-20.00","Transfer To Jason CommBank App p","+201.83"
24/07/2024,"-8.40","TRANSPORTFORNSW TAP SYDNEY AUS Card xx2374 Value Date: 21/07/2024","+221.83"
23/07/2024,"+200.00","Transfer from xx8914 CommBank app","+230.23"
23/07/2024,"-26.00","BWS LIQUOR 6129 NORTH RYDE AU AUS Card xx2374 Value Date: 19/07/2024","+30.23"
23/07/2024,"-8.64","TRANSPORTFORNSW TAP SYDNEY AUS Card xx2374 Value Date: 19/07/2024","+56.23"
19/07/2024,"+60.00","Transfer from xx8914 CommBank app","+64.87"
19/07/2024,"-39.95","MOSHTIX PTY LTD SYDNEY NS AUS Card xx2374 Value Date: 17/07/2024","+4.87"
19/07/2024,"-16566.12","MACQUARIE UNIVERSITY MACQUARIE PAR NS AUS Card xx2374 Value Date: 17/07/2024","+44.82"
19/07/2024,"-9.99","AMZNPRIMEAU MEMBERSHIP SYDNEY SOUTH NS AUS Card xx2374 Value Date: 17/07/2024","+16610.94"
17/07/2024,"-350.00","Transfer to xx8914 CommBank app","+16620.93"
17/07/2024,"+16891.00","1/IRWAN HANDOYO UANG KULIAH DAN TAMBAHAN /2469 REF 2024071500039898 Fee AUD 5.00000","+16970.93"
16/07/2024,"-10.48","APPLE.COM/BILL SYDNEY AU AUS Card xx2374 Value Date: 11/07/2024","+79.93"
11/07/2024,"+70.00","Fast Transfer From JASON SURYAPUTRA Thank you cuk","+90.41"
10/07/2024,"-70.00","Transfer To Jason CommBank App oi","+20.41"
10/07/2024,"+60.00","Transfer from xx8914 CommBank app","+90.41"
03/07/2024,"-4.49","APPLE.COM/BILL SYDNEY NS AUS Card xx2374 Value Date: 01/07/2024","+30.41"
22/06/2024,"-9.99","APPLE.COM/BILL SYDNEY AU AUS Card xx2374 Value Date: 19/06/2024","+34.90"
19/06/2024,"-9.99","AMZNPRIMEAU MEMBERSHIP SYDNEY SOUTH NS AUS Card xx2374 Value Date: 17/06/2024","+44.89"
18/06/2024,"-1.00","LAUNDRY C2C OSBORNE PARK WA AUS Card xx2374 Value Date: 14/06/2024","+54.88"
18/06/2024,"-4.00","LAUNDRY C2C OSBORNE PARK WA AUS Card xx2374 Value Date: 14/06/2024","+55.88"
18/06/2024,"-21.40","WHSMITH SYDT1 PIER B MASCOT AU AUS Card xx2374 Value Date: 15/06/2024","+59.88"
15/06/2024,"+50.00","Transfer from xx8914 CommBank app","+81.28"
14/06/2024,"-300.00","Wdl ATM CBA ATM MACQUARIE SC A NSW 232002 AUS","+31.28"
14/06/2024,"-100.00","Wdl ATM CBA ATM MACQUARIE SC A NSW 232002 AUS","+331.28"
14/06/2024,"+400.00","Transfer from xx8914 CommBank app","+431.28"
12/06/2024,"-43.99","CHEMIST WAREHOUSE SYDNEY NS AUS Card xx2374 Value Date: 08/06/2024","+31.28"
12/06/2024,"-24.36","UNIVERSAL HOTELS DARLINGHURST AUS Card xx2374 Value Date: 10/06/2024","+75.27"
12/06/2024,"-30.45","UNIVERSAL HOTELS DARLINGHURST AUS Card xx2374 Value Date: 09/06/2024","+99.63"
12/06/2024,"-7.73","TRANSPORTFORNSW TAP SYDNEY AUS Card xx2374 Value Date: 10/06/2024","+130.08"
11/06/2024,"-30.23","UBER EATS* EATS","+137.81"
11/06/2024,"-52.30","WOOLWORTHS 1129 NORTH RYDE AU AUS Card xx2374 Value Date: 07/06/2024","+168.04"
11/06/2024,"-129.99","APPLE.COM/BILL SYDNEY AU AUS Card xx2374 Value Date: 06/06/2024","+220.34"
11/06/2024,"-84.33","UGG Australian Icons Sydney NS AUS Card xx2374 Value Date: 08/06/2024","+350.33"
09/06/2024,"+100.00","Transfer from xx8914 CommBank app","+434.66"
08/06/2024,"-25.90","UBER EATS* EATS","+334.66"
08/06/2024,"-30.00","Transfer To Sham CommBank App jacket","+360.56"
08/06/2024,"+100.00","Transfer from xx8914 CommBank app","+390.56"
08/06/2024,"+100.00","Transfer from xx8914 CommBank app","+290.56"
07/06/2024,"+10.00","Transfer from xx8914 CommBank app","+190.56"
07/06/2024,"+50.00","Transfer from xx8914 CommBank app","+180.56"
07/06/2024,"-1.16","UBER EATS* EATS","+130.56"
07/06/2024,"-4.15","gnibl Artarmon AU AUS Card xx2374 Value Date: 04/06/2024","+131.72"
07/06/2024,"-34.95","MACSHOP NORTH RYDE NS AUS Card xx2374 Value Date: 05/06/2024","+135.87"
06/06/2024,"-24.83","UBER EATS* EATS","+170.82"
05/06/2024,"-800.00","Transfer to xx8914 CommBank app","+195.65"
05/06/2024,"+991.00","1/IRWAN HANDOYO JUN /2469 REF 2024060300041924 Fee AUD 5.00000","+995.65"
04/06/2024,"-56.87","WOOLWORTHS 1129 NORTH RYDE AU AUS Card xx2374 Value Date: 31/05/2024","+4.65"
04/06/2024,"-4.49","APPLE.COM/BILL SYDNEY AU AUS Card xx2374 Value Date: 01/06/2024","+61.52"
03/06/2024,"-25.68","UBER EATS* EATS","+66.01"
03/06/2024,"+30.00","Transfer from xx8914 CommBank app","+91.69"
01/06/2024,"-0.01","Debit Excess Interest","+61.69"
31/05/2024,"+10.00","Transfer from xx8914 CommBank app","+61.70"
31/05/2024,"+50.00","Transfer from xx8914 CommBank app","+51.70"
30/05/2024,"-21.40","UBER EATS* EATS","+1.70"
30/05/2024,"+22.00","Transfer from xx8914 CommBank app","+23.10"
29/05/2024,"-1.00","LAUNDRY C2C OSBORNE PARK WA AUS Card xx2374 Value Date: 27/05/2024","+1.10"
29/05/2024,"-4.00","LAUNDRY C2C OSBORNE PARK WA AUS Card xx2374 Value Date: 27/05/2024","+2.10"
27/05/2024,"+5.00","Transfer from xx8914 CommBank app","+6.10"
25/05/2024,"-28.49","UBER EATS* EATS","+1.10"
25/05/2024,"+36.00","Transfer from xx8914 CommBank app","+29.59"
25/05/2024,"-9.99","AMZNPRIMEAU MEMBERSHIP SYDNEY SOUTH NS AUS Card xx2374 Value Date: 23/05/2024","-6.41"
24/05/2024,"-97.02","Woolworths Online BELLA VISTA AU AUS Card xx2374 Value Date: 20/05/2024","+3.58"
24/05/2024,"-3.10","gnibl Artarmon AU AUS Card xx2374 Value Date: 22/05/2024","+100.60"
24/05/2024,"-9.72","TRANSPORTFORNSW TAP SYDNEY AUS Card xx2374 Value Date: 22/05/2024","+103.70"
23/05/2024,"-19.31","UPPERROOM HOLDINGS PTY SYDNEY AU AUS Card xx2374 Value Date: 20/05/2024","+113.42"
23/05/2024,"-9.66","UPPERROOM HOLDINGS PTY SYDNEY AU AUS Card xx2374 Value Date: 20/05/2024","+132.73"
23/05/2024,"-14.31","YUN ZHOU PTY LTD MACQUARIE PAR NS AUS Card xx2374 Value Date: 21/05/2024","+142.39"
23/05/2024,"-1.00","LAUNDRY C2C OSBORNE PARK WA AUS Card xx2374 Value Date: 21/05/2024","+156.70"
23/05/2024,"-22.98","APPLE.COM/BILL SYDNEY AU AUS Card xx2374 Value Date: 21/05/2024","+157.70"
22/05/2024,"-10.50","WOOLWORTHS 1129 NORTH RYDE AU AUS Card xx2374 Value Date: 20/05/2024","+180.68"
22/05/2024,"-4.00","LAUNDRY C2C OSBORNE PARK WA AUS Card xx2374 Value Date: 20/05/2024","+191.18"
21/05/2024,"+20.00","Transfer from xx8914 CommBank app","+195.18"
20/05/2024,"+50.00","Transfer from xx8914 CommBank app","+175.18"
20/05/2024,"+20.00","Transfer from xx8914 CommBank app","+125.18"
20/05/2024,"+100.00","Transfer from xx8914 CommBank app","+105.18"
20/05/2024,"+5.00","Transfer from xx8914 CommBank app","+5.18"
20/05/2024,"-20.00","Transfer To Sham CommBank App vodka","+0.18"
20/05/2024,"+20.00","Transfer from xx8914 CommBank app","+20.18"
17/05/2024,"-4.50","PRIMEVIDEO SYDNEY NS AUS Card xx2374 Value Date: 15/05/2024","+0.18"
17/05/2024,"-22.74","UBER *EATS Sydney AU AUS Card xx2374 Value Date: 15/05/2024","+4.68"
15/05/2024,"+5.00","Transfer from xx8914 CommBank app","+27.42"
15/05/2024,"-3.10","gnibl Artarmon AU AUS Card xx2374 Value Date: 13/05/2024","+22.42"
15/05/2024,"-1.00","LAUNDRY C2C OSBORNE PARK WA AUS Card xx2374 Value Date: 12/05/2024","+25.52"
15/05/2024,"-4.00","LAUNDRY C2C OSBORNE PARK WA AUS Card xx2374 Value Date: 12/05/2024","+26.52"
14/05/2024,"-25.00","Transfer To Sham CommBank App vodka","+30.52"
14/05/2024,"+50.00","Transfer from xx8914 CommBank app","+55.52"
14/05/2024,"-3.10","gnibl Artarmon AU AUS Card xx2374 Value Date: 10/05/2024","+5.52"
14/05/2024,"-8.00","TRANSPORTFORNSW TAP SYDNEY AUS Card xx2374 Value Date: 11/05/2024","+8.62"
14/05/2024,"-25.68","UBER *EATS Sydney AU AUS Card xx2374 Value Date: 12/05/2024","+16.62"
13/05/2024,"+5.00","Transfer from xx8914 CommBank app","+42.30"
12/05/2024,"+5.00","Transfer from xx8914 CommBank app","+37.30"
12/05/2024,"+20.00","Transfer from xx8914 CommBank app","+32.30"
10/05/2024,"-12.00","WOOLWORTHS 1129 NORTH RYDE AU AUS Card xx2374 Value Date: 08/05/2024","+12.30"
10/05/2024,"-4.99","PRIMEVIDEO SYDNEY NS AUS Card xx2374 Value Date: 08/05/2024","+24.30"
10/05/2024,"-112.56","Woolworths Online BELLA VISTA AU AUS Card xx2374 Value Date: 07/05/2024","+29.29"
10/05/2024,"-14.01","LANZHOU LAMIAN BEEF NORTH RYDE AUS Card xx2374 Value Date: 08/05/2024","+141.85"
09/05/2024,"-32.60","Transfer To C DARMA PayID Phone from CommBank App korean bbq","+155.86"
09/05/2024,"+20.00","Transfer from xx8914 CommBank app","+188.46"
09/05/2024,"+20.00","Transfer from xx8914 CommBank app","+168.46"
09/05/2024,"-3.10","gnibl Artarmon AU AUS Card xx2374 Value Date: 07/05/2024","+148.46"
08/05/2024,"+10.00","Transfer from xx8914 CommBank app","+151.56"
08/05/2024,"+20.00","Transfer from xx8914 CommBank app","+141.56"
08/05/2024,"-3.10","gnibl Artarmon AU AUS Card xx2374 Value Date: 05/05/2024","+121.56"
08/05/2024,"-1.00","LAUNDRY C2C OSBORNE PARK WA AUS Card xx2374 Value Date: 05/05/2024","+124.66"
08/05/2024,"-4.00","LAUNDRY C2C OSBORNE PARK WA AUS Card xx2374 Value Date: 05/05/2024","+125.66"
07/05/2024,"+5.00","Transfer from xx8914 CommBank app","+129.66"
07/05/2024,"-3.10","gnibl Artarmon AU AUS Card xx2374 Value Date: 03/05/2024","+124.66"
07/05/2024,"-30.92","UBER *EATS Sydney AU AUS Card xx2374 Value Date: 05/05/2024","+127.76"
07/05/2024,"+116.00","Transfer from xx8914 CommBank app","+158.68"
06/05/2024,"-792.00","Transfer to xx8914 CommBank app","+42.68"
06/05/2024,"-212.00","Transfer To Sham CommBank App billie","+834.68"
06/05/2024,"+1000.00","1/IRWAN HANDOYO REF 2024050200035244 MEI /2469","+1046.68"
05/05/2024,"+10.00","Transfer from xx8914 CommBank app","+46.68"
05/05/2024,"+30.00","Transfer from xx8914 CommBank app","+36.68"
04/05/2024,"-4.10","gnibl Artarmon AU AUS Card xx2374 Value Date: 02/05/2024","+6.68"
04/05/2024,"-4.49","APPLE.COM/BILL SYDNEY AU AUS Card xx2374 Value Date: 01/05/2024","+10.78"
03/05/2024,"+5.00","Transfer from xx8914 CommBank app","+15.27"
02/05/2024,"+5.00","Transfer from xx8914 CommBank app","+10.27"
01/05/2024,"-0.01","Debit Excess Interest","+5.27"
30/04/2024,"-40.00","WOOLWORTHS 1129 NORTH RYDE AU AUS Card xx2374 Value Date: 26/04/2024","+5.28"
30/04/2024,"-4.00","CantaloupeSystemsAustr Albion QL AUS Card xx2374 Value Date: 27/04/2024","+45.28"
30/04/2024,"+4.00","Return CantaloupeSystemsAustr Albion QL AUS Card xx2374 Value Date: 28/04/2024","+49.28"
30/04/2024,"-20.00","TFNSW OPAL MACHINE SYDNEY AUS Card xx2374 Value Date: 27/04/2024","+45.28"
27/04/2024,"-34.00","Transfer To HTET EI PayID Phone from CommBank App chicken","+65.28"
27/04/2024,"+25.00","Transfer from xx8914 CommBank app","+99.28"
27/04/2024,"-20.00","Transfer To C DARMA PayID Phone from CommBank App mim golf pia","+74.28"
27/04/2024,"+50.00","Transfer from xx8914 CommBank app","+94.28"
26/04/2024,"+50.00","Transfer from xx8914 CommBank app","+44.28"
25/04/2024,"-1.00","LAUNDRY C2C OSBORNE PARK WA AUS Card xx2374 Value Date: 23/04/2024","-5.72"
25/04/2024,"-4.00","LAUNDRY C2C OSBORNE PARK WA AUS Card xx2374 Value Date: 23/04/2024","-4.72"
25/04/2024,"-61.90","Woolworths Online BELLA VISTA AU AUS Card xx2374 Value Date: 22/04/2024","-0.72"
25/04/2024,"-17.80","Woolworths Online BELLA VISTA AU AUS Card xx2374 Value Date: 22/04/2024","+61.18"
24/04/2024,"-3.10","gnibl Artarmon AU AUS Card xx2374 Value Date: 22/04/2024","+78.98"
24/04/2024,"-5.70","TRANSPORTFORNSW TAP SYDNEY AUS Card xx2374 Value Date: 22/04/2024","+82.08"
24/04/2024,"-2.24","TRANSPORTFORNSW TAP SYDNEY AUS Card xx2374 Value Date: 21/04/2024","+87.78"
23/04/2024,"+5.00","Transfer from xx8914 CommBank app","+90.02"
22/04/2024,"+60.00","Transfer from xx8914 CommBank app","+85.02"
21/04/2024,"-35.00","Transfer To Josh Espino CommBank App korean bbq","+25.02"
20/04/2024,"-18.02","ALDI STORES - NORTH RY NORTH RYDE AUS Card xx2374 Value Date: 17/04/2024","+60.02"
19/04/2024,"-21.96","WOOLWORTHS 1129 NORTH RYDE AU AUS Card xx2374 Value Date: 17/04/2024","+78.04"
19/04/2024,"-9.99","AMZNPRIMEAU MEMBERSHIP SYDNEY SOUTH NS AUS Card xx2374 Value Date: 17/04/2024","+100.00"
18/04/2024,"+50.00","Fast Transfer From JASON SURYAPUTRA CREDIT TO ACCOUNT","+109.99"
18/04/2024,"-10.80","CRUNCH CAFE NORTH RYDE NS AUS Card xx2374 Value Date: 15/04/2024","+59.99"
17/04/2024,"+50.00","Transfer from xx8914 CommBank app","+70.79"
17/04/2024,"-1.00","LAUNDRY C2C OSBORNE PARK WA AUS Card xx2374 Value Date: 15/04/2024","+20.79"
17/04/2024,"-4.00","LAUNDRY C2C OSBORNE PARK WA AUS Card xx2374 Value Date: 15/04/2024","+21.79"
17/04/2024,"-7.20","CRUNCH CAFE NORTH RYDE NS AUS Card xx2374 Value Date: 13/04/2024","+25.79"
16/04/2024,"-50.00","Transfer To Jason CommBank App .","+32.99"
16/04/2024,"+50.00","Transfer from xx8914 CommBank app","+82.99"
15/04/2024,"+20.00","Transfer from xx8914 CommBank app","+32.99"
13/04/2024,"+10.00","Transfer from xx8914 CommBank app","+12.99"
13/04/2024,"-12.50","CRUNCH CAFE NORTH RYDE NS AUS Card xx2374 Value Date: 10/04/2024","+2.99"
13/04/2024,"-9.54","YUN ZHOU PTY LTD MACQUARIE PAR NS AUS Card xx2374 Value Date: 11/04/2024","+15.49"
13/04/2024,"-9.99","APPLE.COM/BILL SYDNEY AU AUS Card xx2374 Value Date: 11/04/2024","+25.03"
13/04/2024,"-4.49","APPLE.COM/BILL SYDNEY AU AUS Card xx2374 Value Date: 10/04/2024","+35.02"
13/04/2024,"-20.51","ALDI STORES - NORTH RY NORTH RYDE AUS Card xx2374 Value Date: 10/04/2024","+39.51"
12/04/2024,"-15.56","WOOLWORTHS 1129 NORTH RYDE AU AUS Card xx2374 Value Date: 10/04/2024","+60.02"
12/04/2024,"-7.50","CRUNCH CAFE NORTH RYDE NS AUS Card xx2374 Value Date: 09/04/2024","+75.58"
10/04/2024,"+50.00","Transfer from xx8914 CommBank app","+83.08"
10/04/2024,"+20.00","Transfer from xx8914 CommBank app","+33.08"
10/04/2024,"-3.10","gnibl Artarmon AU AUS Card xx2374 Value Date: 08/04/2024","+13.08"
10/04/2024,"-1.00","LAUNDRY C2C OSBORNE PARK WA AUS Card xx2374 Value Date: 08/04/2024","+16.18"
10/04/2024,"-4.00","LAUNDRY C2C OSBORNE PARK WA AUS Card xx2374 Value Date: 08/04/2024","+17.18"
09/04/2024,"-3.95","WOOLWORTHS 1129 NORTH RYDE AU AUS Card xx2374 Value Date: 05/04/2024","+21.18"
09/04/2024,"-17.50","KMART 1368 NORTH RYDE AU AUS Card xx2374 Value Date: 05/04/2024","+25.13"
09/04/2024,"-6.79","TSG MACQUARIE NORTH RYDE AU AUS Card xx2374 Value Date: 05/04/2024","+42.63"
09/04/2024,"-15.88","ALDI STORES - NORTH RY NORTH RYDE AUS Card xx2374 Value Date: 05/04/2024","+49.42"
09/04/2024,"+10.00","Transfer from xx8914 CommBank app","+65.30"
08/04/2024,"+5.00","Transfer from xx8914 CommBank app","+55.30"
08/04/2024,"+2.00","Transfer from xx8914 CommBank app","+50.30"
07/04/2024,"-15.00","Transfer To Jason CommBank App mkn","+48.30"
07/04/2024,"+15.00","Transfer from xx8914 CommBank app","+63.30"
06/04/2024,"-70.00","Vodafone Australia North Sydney AU AUS Card xx2374 Value Date: 04/04/2024","+48.30"
05/04/2024,"+20.00","Transfer from xx8914 CommBank app","+118.30"
05/04/2024,"-4.50","CocaColaEPP North Ryde AUS Card xx2374 Value Date: 03/04/2024","+98.30"
04/04/2024,"-1.00","LAUNDRY C2C OSBORNE PARK WA AUS Card xx2374 Value Date: 01/04/2024","+102.80"
04/04/2024,"-28.92","UBER *EATS Sydney AU AUS Card xx2374 Value Date: 02/04/2024","+103.80"
03/04/2024,"-3.00","WOOLWORTHS 1129 NORTH RYDE AU AUS Card xx2374 Value Date: 28/03/2024","+132.72"
03/04/2024,"-14.01","LANZHOU LAMIAN BEEF NORTH RYDE AUS Card xx2374 Value Date: 28/03/2024","+135.72"
03/04/2024,"-2.24","TRANSPORTFORNSW TAP SYDNEY AUS Card xx2374 Value Date: 30/03/2024","+149.73"
03/04/2024,"-4.49","APPLE.COM/BILL SYDNEY NS AUS Card xx2374 Value Date: 01/04/2024","+151.97"
03/04/2024,"-4.00","LAUNDRY C2C OSBORNE PARK WA AUS Card xx2374 Value Date: 01/04/2024","+156.46"
02/04/2024,"+100.00","Transfer from xx8914 CommBank app","+160.46"
02/04/2024,"+30.00","Transfer from xx8914 CommBank app","+60.46"
29/03/2024,"-4.15","gnibl Artarmon AU AUS Card xx2374 Value Date: 27/03/2024","+30.46"
28/03/2024,"-19.49","APPLE.COM/BILL SYDNEY AU AUS Card xx2374 Value Date: 25/03/2024","+34.61"
27/03/2024,"-1.00","LAUNDRY C2C OSBORNE PARK WA AUS Card xx2374 Value Date: 25/03/2024","+54.10"
27/03/2024,"-4.00","LAUNDRY C2C OSBORNE PARK WA AUS Card xx2374 Value Date: 25/03/2024","+55.10"
26/03/2024,"-3.10","gnibl Artarmon AU AUS Card xx2374 Value Date: 22/03/2024","+59.10"
26/03/2024,"-5.15","gnibl Artarmon AU AUS Card xx2374 Value Date: 22/03/2024","+62.20"
26/03/2024,"-22.13","UBER *EATS Sydney AU AUS Card xx2374 Value Date: 22/03/2024","+67.35"
26/03/2024,"-13.86","ALDI STORES - NORTH RY NORTH RYDE AUS Card xx2374 Value Date: 22/03/2024","+89.48"
25/03/2024,"+50.00","Transfer from xx8914 CommBank app","+103.34"
23/03/2024,"-27.40","UBER EATS* EATS","+53.34"
